_id,name,phone,status,createdAt,studentId
66aa44b979c06a5c3c49c403,danushka pramodd,728649732,unpaid,Wed Jul 31 2024 19:35:45 GMT+0530 (India Standard Time),1282
66a91389660b2397e46793b6,danushka pramodd,67869996,unpaid,Tue Jul 30 2024 21:53:37 GMT+0530 (India Standard Time),1001
66a913f5660b2397e46793c5,danushka pramodd,67y869996,unpaid,Tue Jul 30 2024 21:55:25 GMT+0530 (India Standard Time),1002
66a9162ccc8227d91e023a9a,danushka pramodd,67869ty996,unpaid,Tue Jul 30 2024 22:04:52 GMT+0530 (India Standard Time),1003
66a916f35512ece06bdea9b4,danushka pramodd,67ry869996,unpaid,Tue Jul 30 2024 22:08:11 GMT+0530 (India Standard Time),1004
66a918167d6cea17f37cf14d,danushka pramodd,67869965796,unpaid,Tue Jul 30 2024 22:13:02 GMT+0530 (India Standard Time),1005
66a918c667eb7bcc433f6756,danushka pramodd,6786679996,unpaid,Tue Jul 30 2024 22:15:58 GMT+0530 (India Standard Time),1006
66a9191f932e5a3ba7f95997,danushka pramodd,6786769996,unpaid,Tue Jul 30 2024 22:17:27 GMT+0530 (India Standard Time),1007
66a919671483baaeadef0b86,danushka pramodd,768,unpaid,Tue Jul 30 2024 22:18:39 GMT+0530 (India Standard Time),1008
66a919c5801dd45665e7dfbf,danushka pramodd,678tyu69996,unpaid,Tue Jul 30 2024 22:20:13 GMT+0530 (India Standard Time),1009
66a91b3ebfb82157ce57a252,danushka pramodd,tyr,unpaid,Tue Jul 30 2024 22:26:30 GMT+0530 (India Standard Time),1010
66a965f1b6cb47001621122e,danushka pramodd,,unpaid,Wed Jul 31 2024 03:45:13 GMT+0530 (India Standard Time),1011
66a96676e7805db78ae42902,danushka pramodd,,unpaid,Wed Jul 31 2024 03:47:26 GMT+0530 (India Standard Time),1014
66a96679e7805db78ae42909,danushka pramodd,,unpaid,Wed Jul 31 2024 03:47:29 GMT+0530 (India Standard Time),1015
66a9667be7805db78ae42910,danushka pramodd,,unpaid,Wed Jul 31 2024 03:47:31 GMT+0530 (India Standard Time),1016
66a9667ee7805db78ae42917,danushka pramodd,,unpaid,Wed Jul 31 2024 03:47:34 GMT+0530 (India Standard Time),1017
66a96691e7805db78ae4291e,danushka pramodd,,unpaid,Wed Jul 31 2024 03:47:53 GMT+0530 (India Standard Time),1018
66a96691e7805db78ae42923,danushka pramodd,,unpaid,Wed Jul 31 2024 03:47:53 GMT+0530 (India Standard Time),1019
66a96692e7805db78ae4292a,danushka pramodd,,unpaid,Wed Jul 31 2024 03:47:54 GMT+0530 (India Standard Time),1020
66a96692e7805db78ae4292c,danushka pramodd,,unpaid,Wed Jul 31 2024 03:47:54 GMT+0530 (India Standard Time),1021
66a96692e7805db78ae4292f,danushka pramodd,,unpaid,Wed Jul 31 2024 03:47:54 GMT+0530 (India Standard Time),1022
66a96692e7805db78ae42933,danushka pramodd,,unpaid,Wed Jul 31 2024 03:47:54 GMT+0530 (India Standard Time),1023
66a96694e7805db78ae4293c,danushka pramodd,,unpaid,Wed Jul 31 2024 03:47:56 GMT+0530 (India Standard Time),1024
66a96695e7805db78ae42941,danushka pramodd,,unpaid,Wed Jul 31 2024 03:47:57 GMT+0530 (India Standard Time),1025
66a9669ee7805db78ae42954,danushka pramodd,,unpaid,Wed Jul 31 2024 03:48:06 GMT+0530 (India Standard Time),1026
66a9669ee7805db78ae42958,danushka pramodd,,unpaid,Wed Jul 31 2024 03:48:06 GMT+0530 (India Standard Time),1027
66a9669ee7805db78ae4295e,danushka pramodd,,unpaid,Wed Jul 31 2024 03:48:06 GMT+0530 (India Standard Time),1028
66a9669ee7805db78ae42962,danushka pramodd,,unpaid,Wed Jul 31 2024 03:48:06 GMT+0530 (India Standard Time),1029
66a9669ee7805db78ae4296a,danushka pramodd,,unpaid,Wed Jul 31 2024 03:48:06 GMT+0530 (India Standard Time),1030
66a9669ee7805db78ae42968,danushka pramodd,,unpaid,Wed Jul 31 2024 03:48:06 GMT+0530 (India Standard Time),1031
66a966a0e7805db78ae42973,danushka pramodd,,unpaid,Wed Jul 31 2024 03:48:08 GMT+0530 (India Standard Time),1032
66a966a0e7805db78ae42975,danushka pramodd,,unpaid,Wed Jul 31 2024 03:48:08 GMT+0530 (India Standard Time),1033
66a966a3e7805db78ae4298a,danushka pramodd,,unpaid,Wed Jul 31 2024 03:48:11 GMT+0530 (India Standard Time),1034
66a966a3e7805db78ae4298e,danushka pramodd,,unpaid,Wed Jul 31 2024 03:48:11 GMT+0530 (India Standard Time),1035
66a966a4e7805db78ae42995,danushka pramodd,,unpaid,Wed Jul 31 2024 03:48:12 GMT+0530 (India Standard Time),1036
66a966a4e7805db78ae42997,danushka pramodd,,unpaid,Wed Jul 31 2024 03:48:12 GMT+0530 (India Standard Time),1037
66a966a4e7805db78ae4299c,danushka pramodd,,unpaid,Wed Jul 31 2024 03:48:12 GMT+0530 (India Standard Time),1038
66a966a4e7805db78ae429a2,danushka pramodd,,unpaid,Wed Jul 31 2024 03:48:12 GMT+0530 (India Standard Time),1039
66a966a5e7805db78ae429a9,danushka pramodd,,unpaid,Wed Jul 31 2024 03:48:13 GMT+0530 (India Standard Time),1040
66a966a5e7805db78ae429ab,danushka pramodd,,unpaid,Wed Jul 31 2024 03:48:13 GMT+0530 (India Standard Time),1041
66a966a6e7805db78ae429b2,danushka pramodd,,unpaid,Wed Jul 31 2024 03:48:14 GMT+0530 (India Standard Time),1042
66a966a6e7805db78ae429b7,danushka pramodd,,unpaid,Wed Jul 31 2024 03:48:14 GMT+0530 (India Standard Time),1043
66a966a6e7805db78ae429b9,danushka pramodd,,unpaid,Wed Jul 31 2024 03:48:14 GMT+0530 (India Standard Time),1044
66a966a6e7805db78ae429c2,danushka pramodd,,unpaid,Wed Jul 31 2024 03:48:14 GMT+0530 (India Standard Time),1045
66a966a6e7805db78ae429c4,danushka pramodd,,unpaid,Wed Jul 31 2024 03:48:14 GMT+0530 (India Standard Time),1046
66a966a7e7805db78ae429c9,danushka pramodd,,unpaid,Wed Jul 31 2024 03:48:15 GMT+0530 (India Standard Time),1047
66a966a8e7805db78ae429d2,danushka pramodd,,unpaid,Wed Jul 31 2024 03:48:16 GMT+0530 (India Standard Time),1048
66a966a8e7805db78ae429d4,danushka pramodd,,unpaid,Wed Jul 31 2024 03:48:16 GMT+0530 (India Standard Time),1049
66a966a8e7805db78ae429d6,danushka pramodd,,unpaid,Wed Jul 31 2024 03:48:16 GMT+0530 (India Standard Time),1050
66a966a9e7805db78ae429e0,danushka pramodd,,unpaid,Wed Jul 31 2024 03:48:17 GMT+0530 (India Standard Time),1051
66a966a9e7805db78ae429e4,danushka pramodd,,unpaid,Wed Jul 31 2024 03:48:17 GMT+0530 (India Standard Time),1052
66a966afe7805db78ae429f7,danushka pramodd,,unpaid,Wed Jul 31 2024 03:48:23 GMT+0530 (India Standard Time),1053
66a966afe7805db78ae429fc,danushka pramodd,,unpaid,Wed Jul 31 2024 03:48:23 GMT+0530 (India Standard Time),1054
66a966b0e7805db78ae42a01,danushka pramodd,,unpaid,Wed Jul 31 2024 03:48:24 GMT+0530 (India Standard Time),1055
66a966b0e7805db78ae42a04,danushka pramodd,,unpaid,Wed Jul 31 2024 03:48:24 GMT+0530 (India Standard Time),1056
66a966b0e7805db78ae42a0c,danushka pramodd,,unpaid,Wed Jul 31 2024 03:48:24 GMT+0530 (India Standard Time),1057
66a966b0e7805db78ae42a0e,danushka pramodd,,unpaid,Wed Jul 31 2024 03:48:24 GMT+0530 (India Standard Time),1058
66a966b1e7805db78ae42a15,danushka pramodd,,unpaid,Wed Jul 31 2024 03:48:25 GMT+0530 (India Standard Time),1059
66a966b2e7805db78ae42a1a,danushka pramodd,,unpaid,Wed Jul 31 2024 03:48:26 GMT+0530 (India Standard Time),1060
66a966b2e7805db78ae42a21,danushka pramodd,,unpaid,Wed Jul 31 2024 03:48:26 GMT+0530 (India Standard Time),1061
66a966b2e7805db78ae42a23,danushka pramodd,,unpaid,Wed Jul 31 2024 03:48:26 GMT+0530 (India Standard Time),1062
66a966b2e7805db78ae42a25,danushka pramodd,,unpaid,Wed Jul 31 2024 03:48:26 GMT+0530 (India Standard Time),1063
66a966b3e7805db78ae42a2f,danushka pramodd,,unpaid,Wed Jul 31 2024 03:48:27 GMT+0530 (India Standard Time),1064
66a966b3e7805db78ae42a31,danushka pramodd,,unpaid,Wed Jul 31 2024 03:48:27 GMT+0530 (India Standard Time),1065
66a966b4e7805db78ae42a39,danushka pramodd,,unpaid,Wed Jul 31 2024 03:48:28 GMT+0530 (India Standard Time),1066
66a966b4e7805db78ae42a3e,danushka pramodd,,unpaid,Wed Jul 31 2024 03:48:28 GMT+0530 (India Standard Time),1067
66a966b7e7805db78ae42a50,danushka pramodd,,unpaid,Wed Jul 31 2024 03:48:31 GMT+0530 (India Standard Time),1068
66a966b7e7805db78ae42a55,danushka pramodd,,unpaid,Wed Jul 31 2024 03:48:31 GMT+0530 (India Standard Time),1069
66a966b8e7805db78ae42a5b,danushka pramodd,,unpaid,Wed Jul 31 2024 03:48:32 GMT+0530 (India Standard Time),1070
66a966b8e7805db78ae42a5d,danushka pramodd,,unpaid,Wed Jul 31 2024 03:48:32 GMT+0530 (India Standard Time),1071
66a966b8e7805db78ae42a64,danushka pramodd,,unpaid,Wed Jul 31 2024 03:48:32 GMT+0530 (India Standard Time),1072
66a966b8e7805db78ae42a67,danushka pramodd,,unpaid,Wed Jul 31 2024 03:48:32 GMT+0530 (India Standard Time),1073
66a966b9e7805db78ae42a6e,danushka pramodd,,unpaid,Wed Jul 31 2024 03:48:33 GMT+0530 (India Standard Time),1074
66a966b9e7805db78ae42a73,danushka pramodd,,unpaid,Wed Jul 31 2024 03:48:33 GMT+0530 (India Standard Time),1075
66a966bae7805db78ae42a78,danushka pramodd,,unpaid,Wed Jul 31 2024 03:48:34 GMT+0530 (India Standard Time),1076
66a966c3e7805db78ae42a8b,danushka pramodd,,unpaid,Wed Jul 31 2024 03:48:43 GMT+0530 (India Standard Time),1077
66a966c3e7805db78ae42a8f,danushka pramodd,,unpaid,Wed Jul 31 2024 03:48:43 GMT+0530 (India Standard Time),1078
66a966c4e7805db78ae42a95,danushka pramodd,,unpaid,Wed Jul 31 2024 03:48:44 GMT+0530 (India Standard Time),1079
66a966c4e7805db78ae42a99,danushka pramodd,,unpaid,Wed Jul 31 2024 03:48:44 GMT+0530 (India Standard Time),1080
66a966c4e7805db78ae42aa2,danushka pramodd,,unpaid,Wed Jul 31 2024 03:48:44 GMT+0530 (India Standard Time),1082
66a966c4e7805db78ae42aa0,danushka pramodd,,unpaid,Wed Jul 31 2024 03:48:44 GMT+0530 (India Standard Time),1081
66a966c5e7805db78ae42aaa,danushka pramodd,,unpaid,Wed Jul 31 2024 03:48:45 GMT+0530 (India Standard Time),1083
66a966c5e7805db78ae42aac,danushka pramodd,,unpaid,Wed Jul 31 2024 03:48:45 GMT+0530 (India Standard Time),1084
66a966c6e7805db78ae42ab4,danushka pramodd,,unpaid,Wed Jul 31 2024 03:48:46 GMT+0530 (India Standard Time),1085
66a966c6e7805db78ae42ab6,danushka pramodd,,unpaid,Wed Jul 31 2024 03:48:46 GMT+0530 (India Standard Time),1086
66a966c6e7805db78ae42abc,danushka pramodd,,unpaid,Wed Jul 31 2024 03:48:46 GMT+0530 (India Standard Time),1087
66a966c6e7805db78ae42abf,danushka pramodd,,unpaid,Wed Jul 31 2024 03:48:46 GMT+0530 (India Standard Time),1088
66a966c7e7805db78ae42ac7,danushka pramodd,,unpaid,Wed Jul 31 2024 03:48:47 GMT+0530 (India Standard Time),1089
66a966c7e7805db78ae42acb,danushka pramodd,,unpaid,Wed Jul 31 2024 03:48:47 GMT+0530 (India Standard Time),1090
66a966c8e7805db78ae42ad2,danushka pramodd,,unpaid,Wed Jul 31 2024 03:48:48 GMT+0530 (India Standard Time),1091
66a966c8e7805db78ae42ad4,danushka pramodd,,unpaid,Wed Jul 31 2024 03:48:48 GMT+0530 (India Standard Time),1092
66a966c8e7805db78ae42ada,danushka pramodd,,unpaid,Wed Jul 31 2024 03:48:48 GMT+0530 (India Standard Time),1093
66a966d1e7805db78ae42aee,danushka pramodd,,unpaid,Wed Jul 31 2024 03:48:57 GMT+0530 (India Standard Time),1094
66a966d1e7805db78ae42af3,danushka pramodd,,unpaid,Wed Jul 31 2024 03:48:57 GMT+0530 (India Standard Time),1095
66a966d1e7805db78ae42af7,danushka pramodd,,unpaid,Wed Jul 31 2024 03:48:57 GMT+0530 (India Standard Time),1096
66a966d2e7805db78ae42afc,danushka pramodd,,unpaid,Wed Jul 31 2024 03:48:58 GMT+0530 (India Standard Time),1097
66a966d2e7805db78ae42b02,danushka pramodd,,unpaid,Wed Jul 31 2024 03:48:58 GMT+0530 (India Standard Time),1098
66a966d2e7805db78ae42b06,danushka pramodd,,unpaid,Wed Jul 31 2024 03:48:58 GMT+0530 (India Standard Time),1099
66a966d3e7805db78ae42b0c,danushka pramodd,,unpaid,Wed Jul 31 2024 03:48:59 GMT+0530 (India Standard Time),1100
66a966d3e7805db78ae42b10,danushka pramodd,,unpaid,Wed Jul 31 2024 03:48:59 GMT+0530 (India Standard Time),1101
66a966d3e7805db78ae42b16,danushka pramodd,,unpaid,Wed Jul 31 2024 03:48:59 GMT+0530 (India Standard Time),1102
66a966d4e7805db78ae42b1e,danushka pramodd,,unpaid,Wed Jul 31 2024 03:49:00 GMT+0530 (India Standard Time),1104
66a966d4e7805db78ae42b1c,danushka pramodd,,unpaid,Wed Jul 31 2024 03:49:00 GMT+0530 (India Standard Time),1103
66a966d4e7805db78ae42b21,danushka pramodd,,unpaid,Wed Jul 31 2024 03:49:00 GMT+0530 (India Standard Time),1105
66a966d4e7805db78ae42b2a,danushka pramodd,,unpaid,Wed Jul 31 2024 03:49:00 GMT+0530 (India Standard Time),1106
66a96c098af6e1e481f03b20,danushka pramodd,,unpaid,Wed Jul 31 2024 04:11:13 GMT+0530 (India Standard Time),1107
66a96c098af6e1e481f03b22,danushka pramodd,,unpaid,Wed Jul 31 2024 04:11:13 GMT+0530 (India Standard Time),1108
66a96c098af6e1e481f03b24,danushka pramodd,,unpaid,Wed Jul 31 2024 04:11:13 GMT+0530 (India Standard Time),1109
66a96c098af6e1e481f03b2b,danushka pramodd,,unpaid,Wed Jul 31 2024 04:11:13 GMT+0530 (India Standard Time),1112
66a96c098af6e1e481f03b26,danushka pramodd,,unpaid,Wed Jul 31 2024 04:11:13 GMT+0530 (India Standard Time),1110
66a96c098af6e1e481f03b29,danushka pramodd,,unpaid,Wed Jul 31 2024 04:11:13 GMT+0530 (India Standard Time),1111
66a96c0c8af6e1e481f03b3c,danushka pramodd,,unpaid,Wed Jul 31 2024 04:11:16 GMT+0530 (India Standard Time),1113
66a96c0c8af6e1e481f03b42,danushka pramodd,,unpaid,Wed Jul 31 2024 04:11:16 GMT+0530 (India Standard Time),1114
66a96c0c8af6e1e481f03b44,danushka pramodd,,unpaid,Wed Jul 31 2024 04:11:16 GMT+0530 (India Standard Time),1115
66a96c0c8af6e1e481f03b47,danushka pramodd,,unpaid,Wed Jul 31 2024 04:11:16 GMT+0530 (India Standard Time),1116
66a96c0d8af6e1e481f03b51,danushka pramodd,,unpaid,Wed Jul 31 2024 04:11:17 GMT+0530 (India Standard Time),1118
66a96c0d8af6e1e481f03b53,danushka pramodd,,unpaid,Wed Jul 31 2024 04:11:17 GMT+0530 (India Standard Time),1117
66a96c138af6e1e481f03b68,danushka pramodd,,unpaid,Wed Jul 31 2024 04:11:23 GMT+0530 (India Standard Time),1119
66a96c148af6e1e481f03b6d,danushka pramodd,,unpaid,Wed Jul 31 2024 04:11:24 GMT+0530 (India Standard Time),1120
66a96c148af6e1e481f03b73,danushka pramodd,,unpaid,Wed Jul 31 2024 04:11:24 GMT+0530 (India Standard Time),1121
66a96c148af6e1e481f03b79,danushka pramodd,,unpaid,Wed Jul 31 2024 04:11:24 GMT+0530 (India Standard Time),1122
66a96c158af6e1e481f03b7f,danushka pramodd,,unpaid,Wed Jul 31 2024 04:11:25 GMT+0530 (India Standard Time),1123
66a96c158af6e1e481f03b81,danushka pramodd,,unpaid,Wed Jul 31 2024 04:11:25 GMT+0530 (India Standard Time),1124
66a96c158af6e1e481f03b8a,danushka pramodd,,unpaid,Wed Jul 31 2024 04:11:25 GMT+0530 (India Standard Time),1125
66a96c168af6e1e481f03b8f,danushka pramodd,,unpaid,Wed Jul 31 2024 04:11:26 GMT+0530 (India Standard Time),1126
66a96c168af6e1e481f03b95,danushka pramodd,,unpaid,Wed Jul 31 2024 04:11:26 GMT+0530 (India Standard Time),1127
66a96c168af6e1e481f03b98,danushka pramodd,,unpaid,Wed Jul 31 2024 04:11:26 GMT+0530 (India Standard Time),1128
66a96c178af6e1e481f03b9e,danushka pramodd,,unpaid,Wed Jul 31 2024 04:11:27 GMT+0530 (India Standard Time),1129
66a96c178af6e1e481f03ba3,danushka pramodd,,unpaid,Wed Jul 31 2024 04:11:27 GMT+0530 (India Standard Time),1130
66a96c178af6e1e481f03ba5,danushka pramodd,,unpaid,Wed Jul 31 2024 04:11:27 GMT+0530 (India Standard Time),1131
66a96c178af6e1e481f03bab,danushka pramodd,,unpaid,Wed Jul 31 2024 04:11:27 GMT+0530 (India Standard Time),1132
66a96c1c8af6e1e481f03bc0,danushka pramodd,,unpaid,Wed Jul 31 2024 04:11:32 GMT+0530 (India Standard Time),1133
66a96c1c8af6e1e481f03bc5,danushka pramodd,,unpaid,Wed Jul 31 2024 04:11:32 GMT+0530 (India Standard Time),1134
66a96c1c8af6e1e481f03bca,danushka pramodd,,unpaid,Wed Jul 31 2024 04:11:32 GMT+0530 (India Standard Time),1135
66a96c1c8af6e1e481f03bcf,danushka pramodd,,unpaid,Wed Jul 31 2024 04:11:32 GMT+0530 (India Standard Time),1136
66a96c1c8af6e1e481f03bd2,danushka pramodd,,unpaid,Wed Jul 31 2024 04:11:32 GMT+0530 (India Standard Time),1137
66a96c1d8af6e1e481f03bda,danushka pramodd,,unpaid,Wed Jul 31 2024 04:11:33 GMT+0530 (India Standard Time),1138
66a96c1d8af6e1e481f03be2,danushka pramodd,,unpaid,Wed Jul 31 2024 04:11:33 GMT+0530 (India Standard Time),1139
66a96c248af6e1e481f03bf1,danushka pramodd,,unpaid,Wed Jul 31 2024 04:11:40 GMT+0530 (India Standard Time),1140
66a96c268af6e1e481f03bf8,danushka pramodd,,unpaid,Wed Jul 31 2024 04:11:42 GMT+0530 (India Standard Time),1141
66a96c278af6e1e481f03c01,danushka pramodd,,unpaid,Wed Jul 31 2024 04:11:43 GMT+0530 (India Standard Time),1142
66a96c278af6e1e481f03c03,danushka pramodd,,unpaid,Wed Jul 31 2024 04:11:43 GMT+0530 (India Standard Time),1143
66a96c278af6e1e481f03c05,danushka pramodd,,unpaid,Wed Jul 31 2024 04:11:43 GMT+0530 (India Standard Time),1144
66a96c278af6e1e481f03c07,danushka pramodd,,unpaid,Wed Jul 31 2024 04:11:43 GMT+0530 (India Standard Time),1145
66a96c278af6e1e481f03c09,danushka pramodd,,unpaid,Wed Jul 31 2024 04:11:43 GMT+0530 (India Standard Time),1146
66a96c288af6e1e481f03c16,danushka pramodd,,unpaid,Wed Jul 31 2024 04:11:44 GMT+0530 (India Standard Time),1147
66a96c298af6e1e481f03c1b,danushka pramodd,,unpaid,Wed Jul 31 2024 04:11:45 GMT+0530 (India Standard Time),1148
66a96c298af6e1e481f03c21,danushka pramodd,,unpaid,Wed Jul 31 2024 04:11:45 GMT+0530 (India Standard Time),1149
66a96c298af6e1e481f03c23,danushka pramodd,,unpaid,Wed Jul 31 2024 04:11:45 GMT+0530 (India Standard Time),1150
66a96c298af6e1e481f03c2d,danushka pramodd,,unpaid,Wed Jul 31 2024 04:11:45 GMT+0530 (India Standard Time),1152
66a96c298af6e1e481f03c2b,danushka pramodd,,unpaid,Wed Jul 31 2024 04:11:45 GMT+0530 (India Standard Time),1151
66a96c2a8af6e1e481f03c34,danushka pramodd,,unpaid,Wed Jul 31 2024 04:11:46 GMT+0530 (India Standard Time),1153
66a96c2b8af6e1e481f03c3b,danushka pramodd,,unpaid,Wed Jul 31 2024 04:11:47 GMT+0530 (India Standard Time),1154
66a96c2b8af6e1e481f03c3d,danushka pramodd,,unpaid,Wed Jul 31 2024 04:11:47 GMT+0530 (India Standard Time),1155
66a96c2b8af6e1e481f03c3f,danushka pramodd,,unpaid,Wed Jul 31 2024 04:11:47 GMT+0530 (India Standard Time),1156
66a96c2b8af6e1e481f03c48,danushka pramodd,,unpaid,Wed Jul 31 2024 04:11:47 GMT+0530 (India Standard Time),1157
66a96c2c8af6e1e481f03c4d,danushka pramodd,,unpaid,Wed Jul 31 2024 04:11:48 GMT+0530 (India Standard Time),1158
66a96c2c8af6e1e481f03c51,danushka pramodd,,unpaid,Wed Jul 31 2024 04:11:48 GMT+0530 (India Standard Time),1159
66a96c2d8af6e1e481f03c58,danushka pramodd,,unpaid,Wed Jul 31 2024 04:11:49 GMT+0530 (India Standard Time),1160
66a96c2d8af6e1e481f03c5a,danushka pramodd,,unpaid,Wed Jul 31 2024 04:11:49 GMT+0530 (India Standard Time),1161
66a96c2d8af6e1e481f03c61,danushka pramodd,,unpaid,Wed Jul 31 2024 04:11:49 GMT+0530 (India Standard Time),1162
66a96c2d8af6e1e481f03c65,danushka pramodd,,unpaid,Wed Jul 31 2024 04:11:49 GMT+0530 (India Standard Time),1163
66a96c2e8af6e1e481f03c6a,danushka pramodd,,unpaid,Wed Jul 31 2024 04:11:50 GMT+0530 (India Standard Time),1164
66a96c2e8af6e1e481f03c6f,danushka pramodd,,unpaid,Wed Jul 31 2024 04:11:50 GMT+0530 (India Standard Time),1165
66a96c2f8af6e1e481f03c75,danushka pramodd,,unpaid,Wed Jul 31 2024 04:11:51 GMT+0530 (India Standard Time),1166
66a96c2f8af6e1e481f03c79,danushka pramodd,,unpaid,Wed Jul 31 2024 04:11:51 GMT+0530 (India Standard Time),1167
66a96c308af6e1e481f03c80,danushka pramodd,,unpaid,Wed Jul 31 2024 04:11:52 GMT+0530 (India Standard Time),1168
66a96c308af6e1e481f03c82,danushka pramodd,,unpaid,Wed Jul 31 2024 04:11:52 GMT+0530 (India Standard Time),1169
66a96c308af6e1e481f03c87,danushka pramodd,,unpaid,Wed Jul 31 2024 04:11:52 GMT+0530 (India Standard Time),1170
66a96c308af6e1e481f03c8d,danushka pramodd,,unpaid,Wed Jul 31 2024 04:11:52 GMT+0530 (India Standard Time),1171
66a96c308af6e1e481f03c93,danushka pramodd,,unpaid,Wed Jul 31 2024 04:11:52 GMT+0530 (India Standard Time),1172
66a96c318af6e1e481f03c97,danushka pramodd,,unpaid,Wed Jul 31 2024 04:11:53 GMT+0530 (India Standard Time),1173
66a96c328af6e1e481f03ca2,danushka pramodd,,unpaid,Wed Jul 31 2024 04:11:54 GMT+0530 (India Standard Time),1174
66a96c328af6e1e481f03ca0,danushka pramodd,,unpaid,Wed Jul 31 2024 04:11:54 GMT+0530 (India Standard Time),1175
66a96c328af6e1e481f03ca6,danushka pramodd,,unpaid,Wed Jul 31 2024 04:11:54 GMT+0530 (India Standard Time),1176
66a96c328af6e1e481f03ca8,danushka pramodd,,unpaid,Wed Jul 31 2024 04:11:54 GMT+0530 (India Standard Time),1177
66a96c328af6e1e481f03cb0,danushka pramodd,,unpaid,Wed Jul 31 2024 04:11:54 GMT+0530 (India Standard Time),1178
66a96c328af6e1e481f03cae,danushka pramodd,,unpaid,Wed Jul 31 2024 04:11:54 GMT+0530 (India Standard Time),1179
66a96c328af6e1e481f03cb4,danushka pramodd,,unpaid,Wed Jul 31 2024 04:11:54 GMT+0530 (India Standard Time),1180
66a96c328af6e1e481f03cc7,danushka pramodd,,unpaid,Wed Jul 31 2024 04:11:54 GMT+0530 (India Standard Time),1181
66a96c338af6e1e481f03cd3,danushka pramodd,,unpaid,Wed Jul 31 2024 04:11:55 GMT+0530 (India Standard Time),1182
66a96c338af6e1e481f03cd1,danushka pramodd,,unpaid,Wed Jul 31 2024 04:11:55 GMT+0530 (India Standard Time),1183
66a96c338af6e1e481f03cce,danushka pramodd,,unpaid,Wed Jul 31 2024 04:11:55 GMT+0530 (India Standard Time),1184
66a96c338af6e1e481f03cd5,danushka pramodd,,unpaid,Wed Jul 31 2024 04:11:55 GMT+0530 (India Standard Time),1185
66a96c338af6e1e481f03cd8,danushka pramodd,,unpaid,Wed Jul 31 2024 04:11:55 GMT+0530 (India Standard Time),1186
66a96c348af6e1e481f03cee,danushka pramodd,,unpaid,Wed Jul 31 2024 04:11:56 GMT+0530 (India Standard Time),1187
66a96c348af6e1e481f03cf0,danushka pramodd,,unpaid,Wed Jul 31 2024 04:11:56 GMT+0530 (India Standard Time),1188
66a96c348af6e1e481f03cf2,danushka pramodd,,unpaid,Wed Jul 31 2024 04:11:56 GMT+0530 (India Standard Time),1189
66a96c348af6e1e481f03cf5,danushka pramodd,,unpaid,Wed Jul 31 2024 04:11:56 GMT+0530 (India Standard Time),1190
66a96c348af6e1e481f03d06,danushka pramodd,,unpaid,Wed Jul 31 2024 04:11:56 GMT+0530 (India Standard Time),1191
66a96c348af6e1e481f03d08,danushka pramodd,,unpaid,Wed Jul 31 2024 04:11:56 GMT+0530 (India Standard Time),1192
66a96c348af6e1e481f03d0b,danushka pramodd,,unpaid,Wed Jul 31 2024 04:11:56 GMT+0530 (India Standard Time),1193
66a96c348af6e1e481f03d18,danushka pramodd,,unpaid,Wed Jul 31 2024 04:11:56 GMT+0530 (India Standard Time),1194
66a96c348af6e1e481f03d1a,danushka pramodd,,unpaid,Wed Jul 31 2024 04:11:56 GMT+0530 (India Standard Time),1195
66a96c348af6e1e481f03d1e,danushka pramodd,,unpaid,Wed Jul 31 2024 04:11:56 GMT+0530 (India Standard Time),1196
66a96c348af6e1e481f03d1c,danushka pramodd,,unpaid,Wed Jul 31 2024 04:11:56 GMT+0530 (India Standard Time),1197
66a96c348af6e1e481f03d24,danushka pramodd,,unpaid,Wed Jul 31 2024 04:11:56 GMT+0530 (India Standard Time),1200
66a96c348af6e1e481f03d22,danushka pramodd,,unpaid,Wed Jul 31 2024 04:11:56 GMT+0530 (India Standard Time),1199
66a96c348af6e1e481f03d20,danushka pramodd,,unpaid,Wed Jul 31 2024 04:11:56 GMT+0530 (India Standard Time),1198
66a96c348af6e1e481f03d26,danushka pramodd,,unpaid,Wed Jul 31 2024 04:11:56 GMT+0530 (India Standard Time),1201
66a96c348af6e1e481f03d2a,danushka pramodd,,unpaid,Wed Jul 31 2024 04:11:56 GMT+0530 (India Standard Time),1203
66a96c348af6e1e481f03d2e,danushka pramodd,,unpaid,Wed Jul 31 2024 04:11:56 GMT+0530 (India Standard Time),1204
66a96c348af6e1e481f03d28,danushka pramodd,,unpaid,Wed Jul 31 2024 04:11:56 GMT+0530 (India Standard Time),1202
66a96c348af6e1e481f03d2c,danushka pramodd,,unpaid,Wed Jul 31 2024 04:11:56 GMT+0530 (India Standard Time),1205
66a96c348af6e1e481f03d30,danushka pramodd,,unpaid,Wed Jul 31 2024 04:11:56 GMT+0530 (India Standard Time),1206
66a96c348af6e1e481f03d32,danushka pramodd,,unpaid,Wed Jul 31 2024 04:11:56 GMT+0530 (India Standard Time),1207
66a96c348af6e1e481f03d36,danushka pramodd,,unpaid,Wed Jul 31 2024 04:11:56 GMT+0530 (India Standard Time),1208
66a96c358af6e1e481f03d3c,danushka pramodd,,unpaid,Wed Jul 31 2024 04:11:57 GMT+0530 (India Standard Time),1210
66a96c358af6e1e481f03d3a,danushka pramodd,,unpaid,Wed Jul 31 2024 04:11:57 GMT+0530 (India Standard Time),1209
66a96c358af6e1e481f03d3e,danushka pramodd,,unpaid,Wed Jul 31 2024 04:11:57 GMT+0530 (India Standard Time),1211
66a96c358af6e1e481f03d47,danushka pramodd,,unpaid,Wed Jul 31 2024 04:11:57 GMT+0530 (India Standard Time),1212
66a96c358af6e1e481f03d59,danushka pramodd,,unpaid,Wed Jul 31 2024 04:11:57 GMT+0530 (India Standard Time),1213
66a96c358af6e1e481f03d55,danushka pramodd,,unpaid,Wed Jul 31 2024 04:11:57 GMT+0530 (India Standard Time),1218
66a96c358af6e1e481f03d66,danushka pramodd,,unpaid,Wed Jul 31 2024 04:11:57 GMT+0530 (India Standard Time),1220
66a96c358af6e1e481f03d5b,danushka pramodd,,unpaid,Wed Jul 31 2024 04:11:57 GMT+0530 (India Standard Time),1221
66a96c358af6e1e481f03d5d,danushka pramodd,,unpaid,Wed Jul 31 2024 04:11:57 GMT+0530 (India Standard Time),1222
66a96c358af6e1e481f03d4b,danushka pramodd,,unpaid,Wed Jul 31 2024 04:11:57 GMT+0530 (India Standard Time),1216
66a96c358af6e1e481f03d52,danushka pramodd,,unpaid,Wed Jul 31 2024 04:11:57 GMT+0530 (India Standard Time),1214
66a96c358af6e1e481f03d5f,danushka pramodd,,unpaid,Wed Jul 31 2024 04:11:57 GMT+0530 (India Standard Time),1223
66a96c358af6e1e481f03d57,danushka pramodd,,unpaid,Wed Jul 31 2024 04:11:57 GMT+0530 (India Standard Time),1219
66a96c358af6e1e481f03d6a,danushka pramodd,,unpaid,Wed Jul 31 2024 04:11:57 GMT+0530 (India Standard Time),1224
66a96c358af6e1e481f03d50,danushka pramodd,,unpaid,Wed Jul 31 2024 04:11:57 GMT+0530 (India Standard Time),1217
66a96c358af6e1e481f03d4d,danushka pramodd,,unpaid,Wed Jul 31 2024 04:11:57 GMT+0530 (India Standard Time),1215
66a96c358af6e1e481f03d6c,danushka pramodd,,unpaid,Wed Jul 31 2024 04:11:57 GMT+0530 (India Standard Time),1225
66a96c358af6e1e481f03d68,danushka pramodd,,unpaid,Wed Jul 31 2024 04:11:57 GMT+0530 (India Standard Time),1226
66a96c358af6e1e481f03d6e,danushka pramodd,,unpaid,Wed Jul 31 2024 04:11:57 GMT+0530 (India Standard Time),1227
66a96c358af6e1e481f03d74,danushka pramodd,,unpaid,Wed Jul 31 2024 04:11:57 GMT+0530 (India Standard Time),1228
66a96c358af6e1e481f03d72,danushka pramodd,,unpaid,Wed Jul 31 2024 04:11:57 GMT+0530 (India Standard Time),1229
66a96c358af6e1e481f03d70,danushka pramodd,,unpaid,Wed Jul 31 2024 04:11:57 GMT+0530 (India Standard Time),1230
66a96c368af6e1e481f03d86,danushka pramodd,,unpaid,Wed Jul 31 2024 04:11:58 GMT+0530 (India Standard Time),1231
66a96c358af6e1e481f03d38,danushka pramodd,,unpaid,Wed Jul 31 2024 04:11:57 GMT+0530 (India Standard Time),1233
66a96c368af6e1e481f03d89,danushka pramodd,,unpaid,Wed Jul 31 2024 04:11:58 GMT+0530 (India Standard Time),1232
66a96c348af6e1e481f03d34,danushka pramodd,,unpaid,Wed Jul 31 2024 04:11:56 GMT+0530 (India Standard Time),1234
66a96c358af6e1e481f03d45,danushka pramodd,,unpaid,Wed Jul 31 2024 04:11:57 GMT+0530 (India Standard Time),1235
66a96c358af6e1e481f03d49,danushka pramodd,,unpaid,Wed Jul 31 2024 04:11:57 GMT+0530 (India Standard Time),1236
66a9778a8af6e1e481f03e01,danushka pramodd,,unpaid,Wed Jul 31 2024 05:00:18 GMT+0530 (India Standard Time),1237
66a9778f8af6e1e481f03e08,danushka pramodd,,unpaid,Wed Jul 31 2024 05:00:23 GMT+0530 (India Standard Time),1238
66a977908af6e1e481f03e11,danushka pramodd,,unpaid,Wed Jul 31 2024 05:00:24 GMT+0530 (India Standard Time),1239
66a977908af6e1e481f03e13,danushka pramodd,,unpaid,Wed Jul 31 2024 05:00:24 GMT+0530 (India Standard Time),1240
66a977908af6e1e481f03e15,danushka pramodd,,unpaid,Wed Jul 31 2024 05:00:24 GMT+0530 (India Standard Time),1241
66a977908af6e1e481f03e19,danushka pramodd,,unpaid,Wed Jul 31 2024 05:00:24 GMT+0530 (India Standard Time),1242
66a977908af6e1e481f03e17,danushka pramodd,,unpaid,Wed Jul 31 2024 05:00:24 GMT+0530 (India Standard Time),1243
66a977a28af6e1e481f03e32,danushka pramodd ,,unpaid,Wed Jul 31 2024 05:00:42 GMT+0530 (India Standard Time),1244
66a977a58af6e1e481f03e39,danushka pramodd   ,,unpaid,Wed Jul 31 2024 05:00:45 GMT+0530 (India Standard Time),1245
66a977a68af6e1e481f03e42,danushka pramodd   ,,unpaid,Wed Jul 31 2024 05:00:46 GMT+0530 (India Standard Time),1246
66a977a68af6e1e481f03e44,danushka pramodd   ,,unpaid,Wed Jul 31 2024 05:00:46 GMT+0530 (India Standard Time),1247
66a977a68af6e1e481f03e46,danushka pramodd   ,,unpaid,Wed Jul 31 2024 05:00:46 GMT+0530 (India Standard Time),1248
66a977a68af6e1e481f03e48,danushka pramodd   ,,unpaid,Wed Jul 31 2024 05:00:46 GMT+0530 (India Standard Time),1249
66a977a68af6e1e481f03e4a,danushka pramodd   ,,unpaid,Wed Jul 31 2024 05:00:46 GMT+0530 (India Standard Time),1250
66a977a78af6e1e481f03e57,danushka pramodd   ,,unpaid,Wed Jul 31 2024 05:00:47 GMT+0530 (India Standard Time),1251
66a977a88af6e1e481f03e5c,danushka pramodd   ,,unpaid,Wed Jul 31 2024 05:00:48 GMT+0530 (India Standard Time),1252
66a977a98af6e1e481f03e61,danushka pramodd   ,,unpaid,Wed Jul 31 2024 05:00:49 GMT+0530 (India Standard Time),1253
66a977a98af6e1e481f03e68,danushka pramodd   ,,unpaid,Wed Jul 31 2024 05:00:49 GMT+0530 (India Standard Time),1254
66a977a98af6e1e481f03e6a,danushka pramodd   ,,unpaid,Wed Jul 31 2024 05:00:49 GMT+0530 (India Standard Time),1255
66a977a98af6e1e481f03e6c,danushka pramodd   ,,unpaid,Wed Jul 31 2024 05:00:49 GMT+0530 (India Standard Time),1256
66a977b78af6e1e481f03e83,danushka pramodd   ,,unpaid,Wed Jul 31 2024 05:01:03 GMT+0530 (India Standard Time),1257
66a977bc8af6e1e481f03e8a,danushka pramodd   ,,unpaid,Wed Jul 31 2024 05:01:08 GMT+0530 (India Standard Time),1258
66a977bc8af6e1e481f03e8f,danushka pramodd   ,,unpaid,Wed Jul 31 2024 05:01:08 GMT+0530 (India Standard Time),1259
66a977bd8af6e1e481f03e94,danushka pramodd   ,,unpaid,Wed Jul 31 2024 05:01:09 GMT+0530 (India Standard Time),1260
66a977bd8af6e1e481f03e9b,danushka pramodd   ,,unpaid,Wed Jul 31 2024 05:01:09 GMT+0530 (India Standard Time),1261
66a977bd8af6e1e481f03e9d,danushka pramodd   ,,unpaid,Wed Jul 31 2024 05:01:09 GMT+0530 (India Standard Time),1262
66a977bd8af6e1e481f03ea0,danushka pramodd   ,,unpaid,Wed Jul 31 2024 05:01:09 GMT+0530 (India Standard Time),1263
66a977be8af6e1e481f03eaa,danushka pramodd   ,,unpaid,Wed Jul 31 2024 05:01:10 GMT+0530 (India Standard Time),1264
66a977be8af6e1e481f03eae,danushka pramodd   ,,unpaid,Wed Jul 31 2024 05:01:10 GMT+0530 (India Standard Time),1265
66a977bf8af6e1e481f03eb4,danushka pramodd   ,,unpaid,Wed Jul 31 2024 05:01:11 GMT+0530 (India Standard Time),1266
66a977c08af6e1e481f03eb9,danushka pramodd   ,,unpaid,Wed Jul 31 2024 05:01:12 GMT+0530 (India Standard Time),1267
66a977c08af6e1e481f03ebe,danushka pramodd   ,,unpaid,Wed Jul 31 2024 05:01:12 GMT+0530 (India Standard Time),1268
66a977c08af6e1e481f03ec1,danushka pramodd   ,,unpaid,Wed Jul 31 2024 05:01:12 GMT+0530 (India Standard Time),1269
66a977c08af6e1e481f03ec5,danushka pramodd   ,,unpaid,Wed Jul 31 2024 05:01:12 GMT+0530 (India Standard Time),1270
66a977c18af6e1e481f03ece,danushka pramodd   ,,unpaid,Wed Jul 31 2024 05:01:13 GMT+0530 (India Standard Time),1271
66a977c18af6e1e481f03ed0,danushka pramodd   ,,unpaid,Wed Jul 31 2024 05:01:13 GMT+0530 (India Standard Time),1272
66a977c38af6e1e481f03ed9,danushka pramodd   ,,unpaid,Wed Jul 31 2024 05:01:15 GMT+0530 (India Standard Time),1273
66a977c38af6e1e481f03edb,danushka pramodd   ,,unpaid,Wed Jul 31 2024 05:01:15 GMT+0530 (India Standard Time),1274
66a977c38af6e1e481f03edd,danushka pramodd   ,,unpaid,Wed Jul 31 2024 05:01:15 GMT+0530 (India Standard Time),1275
66a977c38af6e1e481f03ee6,danushka pramodd   ,,unpaid,Wed Jul 31 2024 05:01:15 GMT+0530 (India Standard Time),1276
66a977c48af6e1e481f03eee,danushka pramodd   ,,unpaid,Wed Jul 31 2024 05:01:16 GMT+0530 (India Standard Time),1278
66a977c48af6e1e481f03eec,danushka pramodd   ,,unpaid,Wed Jul 31 2024 05:01:16 GMT+0530 (India Standard Time),1277
66a977c58af6e1e481f03ef5,danushka pramodd   ,,unpaid,Wed Jul 31 2024 05:01:17 GMT+0530 (India Standard Time),1279
66a977c58af6e1e481f03ef9,danushka pramodd   ,,unpaid,Wed Jul 31 2024 05:01:17 GMT+0530 (India Standard Time),1280
66a977c68af6e1e481f03efe,danushka pramodd   ,,unpaid,Wed Jul 31 2024 05:01:18 GMT+0530 (India Standard Time),1281